time, participant, keyorder, session, condition, correct, response, error, RT
2015-11-05_11-42, 005, 05, practice, control, red, red, 0, 1.11128163686
2015-11-05_11-42, 005, 05, practice, control, red, red, 0, 0.696788503936
2015-11-05_11-42, 005, 05, practice, control, blue, X, 1, -1
2015-11-05_11-42, 005, 05, practice, control, blue, blue, 0, 0.71335794414
2015-11-05_11-42, 005, 05, practice, control, black, black, 0, 0.722406777768
2015-11-05_11-42, 005, 05, practice, control, black, black, 0, 0.624219911642
2015-11-05_11-42, 005, 05, practice, control, green, green, 0, 0.583604044559
2015-11-05_11-42, 005, 05, practice, control, red, red, 0, 0.51280358877
2015-11-05_11-42, 005, 05, practice, control, black, black, 0, 0.391315277755
2015-11-05_11-42, 005, 05, practice, control, green, green, 0, 1.05203662847
2015-11-05_11-42, 005, 05, practice, control, blue, blue, 0, 0.475952807858
2015-11-05_11-42, 005, 05, practice, control, green, green, 0, 0.513995866057
2015-11-05_11-42, 005, 05, practice, control, black, black, 0, 0.506639408055
2015-11-05_11-42, 005, 05, practice, control, red, red, 0, 0.360469503185
2015-11-05_11-42, 005, 05, practice, control, green, green, 0, 0.662693812021
2015-11-05_11-42, 005, 05, practice, control, green, green, 0, 0.474706579642
2015-11-05_11-42, 005, 05, practice, control, black, black, 0, 0.514103002655
2015-11-05_11-42, 005, 05, practice, control, blue, blue, 0, 0.466874511667
2015-11-05_11-42, 005, 05, practice, control, blue, blue, 0, 0.507115783288
2015-11-05_11-42, 005, 05, practice, control, red, red, 0, 0.399170686203
2015-11-05_11-42, 005, 05, practice, control, blue, blue, 0, 0.543914909051
2015-11-05_11-42, 005, 05, practice, control, green, green, 0, 0.400068337844
2015-11-05_11-42, 005, 05, practice, control, black, black, 0, 0.435039254084
2015-11-05_11-42, 005, 05, practice, compatible, blue, blue, 0, 1.47927442504
2015-11-05_11-42, 005, 05, practice, incompatible, blue, blue, 0, 1.43436429351
2015-11-05_11-42, 005, 05, practice, incompatible, black, black, 0, 0.828007879132
2015-11-05_11-42, 005, 05, practice, incompatible, blue, blue, 0, 0.673839461928
2015-11-05_11-42, 005, 05, practice, compatible, black, black, 0, 0.664589747179
2015-11-05_11-42, 005, 05, practice, compatible, green, green, 0, 0.936399123622
2015-11-05_11-42, 005, 05, practice, incompatible, red, red, 0, 0.58154166504
2015-11-05_11-42, 005, 05, practice, compatible, green, green, 0, 0.778927072883
2015-11-05_11-42, 005, 05, practice, incompatible, black, black, 0, 1.12904029331
2015-11-05_11-42, 005, 05, practice, incompatible, green, green, 0, 1.12631749319
2015-11-05_11-42, 005, 05, practice, incompatible, red, red, 0, 0.623245351229
2015-11-05_11-42, 005, 05, practice, incompatible, red, red, 0, 0.582952041832
2015-11-05_11-42, 005, 05, practice, compatible, blue, blue, 0, 0.663632787779
2015-11-05_11-42, 005, 05, practice, compatible, black, black, 0, 0.516570588095
2015-11-05_11-42, 005, 05, practice, incompatible, green, green, 0, 0.69789162827
2015-11-05_11-42, 005, 05, practice, compatible, black, black, 0, 0.634129281732
2015-11-05_11-42, 005, 05, practice, compatible, blue, blue, 0, 0.603851713764
2015-11-05_11-42, 005, 05, practice, compatible, red, red, 0, 0.406850084522
2015-11-05_11-42, 005, 05, practice, incompatible, black, black, 0, 0.546638474436
2015-11-05_11-42, 005, 05, practice, compatible, red, red, 0, 0.585518728625
2015-11-05_11-42, 005, 05, practice, incompatible, green, green, 0, 0.70525726941
2015-11-05_11-42, 005, 05, practice, compatible, red, red, 0, 0.626397463006
2015-11-05_11-42, 005, 05, practice, incompatible, blue, blue, 0, 0.786476376761
2015-11-05_11-42, 005, 05, practice, compatible, green, green, 0, 0.511144502017
2015-11-05_11-42, 005, 05, trial, compatible, blue, green, 1, 0.698572710931
2015-11-05_11-42, 005, 05, trial, incompatible, green, green, 0, 0.632217658713
2015-11-05_11-42, 005, 05, trial, incompatible, black, black, 0, 0.592579413091
2015-11-05_11-42, 005, 05, trial, compatible, green, green, 0, 0.675094108023
2015-11-05_11-42, 005, 05, trial, incompatible, blue, blue, 0, 0.510009236707
2015-11-05_11-42, 005, 05, trial, incompatible, blue, blue, 0, 0.723264635817
2015-11-05_11-42, 005, 05, trial, incompatible, red, red, 0, 0.546770482031
2015-11-05_11-42, 005, 05, trial, incompatible, green, green, 0, 0.625130572729
2015-11-05_11-42, 005, 05, trial, compatible, red, red, 0, 0.598236608117
2015-11-05_11-42, 005, 05, trial, incompatible, green, green, 0, 0.781135999963
2015-11-05_11-42, 005, 05, trial, compatible, blue, blue, 0, 0.636661914394
2015-11-05_11-42, 005, 05, trial, compatible, black, black, 0, 0.405034884441
2015-11-05_11-42, 005, 05, trial, compatible, blue, blue, 0, 0.59805562379
2015-11-05_11-42, 005, 05, trial, compatible, black, black, 0, 0.550097838672
2015-11-05_11-42, 005, 05, trial, compatible, black, black, 0, 0.480726125948
2015-11-05_11-42, 005, 05, trial, compatible, green, green, 0, 0.684139115343
2015-11-05_11-42, 005, 05, trial, compatible, black, black, 0, 0.595060390606
2015-11-05_11-42, 005, 05, trial, compatible, red, red, 0, 0.355571064852
2015-11-05_11-42, 005, 05, trial, incompatible, red, red, 0, 0.405440855624
2015-11-05_11-42, 005, 05, trial, compatible, blue, blue, 0, 0.9272718507
2015-11-05_11-42, 005, 05, trial, incompatible, blue, blue, 0, 0.550264283031
2015-11-05_11-42, 005, 05, trial, incompatible, black, black, 0, 0.894638808091
2015-11-05_11-42, 005, 05, trial, compatible, red, red, 0, 0.471841823526
2015-11-05_11-42, 005, 05, trial, compatible, red, red, 0, 0.817041683025
2015-11-05_11-42, 005, 05, trial, compatible, green, green, 0, 0.549784464123
2015-11-05_11-42, 005, 05, trial, incompatible, blue, blue, 0, 0.663474761295
2015-11-05_11-42, 005, 05, trial, incompatible, red, red, 0, 1.04956406884
2015-11-05_11-42, 005, 05, trial, incompatible, green, green, 0, 0.625730920312
2015-11-05_11-42, 005, 05, trial, compatible, black, black, 0, 0.391206228003
2015-11-05_11-42, 005, 05, trial, incompatible, red, red, 0, 0.547776800793
2015-11-05_11-42, 005, 05, trial, compatible, red, red, 0, 0.506992193568
2015-11-05_11-42, 005, 05, trial, compatible, blue, blue, 0, 0.596320010898
2015-11-05_11-42, 005, 05, trial, incompatible, blue, blue, 0, 0.471259076958
2015-11-05_11-42, 005, 05, trial, compatible, green, green, 0, 0.434919490674
2015-11-05_11-42, 005, 05, trial, incompatible, black, black, 0, 0.427825134706
2015-11-05_11-42, 005, 05, trial, incompatible, black, black, 0, 0.362115197862
2015-11-05_11-42, 005, 05, trial, incompatible, green, green, 0, 0.584234619968
2015-11-05_11-42, 005, 05, trial, incompatible, black, black, 0, 0.600576777531
2015-11-05_11-42, 005, 05, trial, incompatible, red, red, 0, 0.360885422766
2015-11-05_11-42, 005, 05, trial, compatible, green, green, 0, 0.469881606406
