time, participant, keyorder, session, condition, correct, response, error, RT
2015-11-05_16-11, 008, 08, practice, control, red, red, 0, 1.50994304159
2015-11-05_16-11, 008, 08, practice, control, black, black, 0, 0.855000562467
2015-11-05_16-11, 008, 08, practice, control, green, green, 0, 0.725677505063
2015-11-05_16-11, 008, 08, practice, control, black, black, 0, 0.789154026461
2015-11-05_16-11, 008, 08, practice, control, blue, blue, 0, 0.702089469771
2015-11-05_16-11, 008, 08, practice, control, green, green, 0, 0.963774055035
2015-11-05_16-11, 008, 08, practice, control, black, black, 0, 0.85681614518
2015-11-05_16-11, 008, 08, practice, control, red, red, 0, 0.889998262857
2015-11-05_16-11, 008, 08, practice, control, blue, blue, 0, 0.747876973513
2015-11-05_16-11, 008, 08, practice, control, green, green, 0, 0.640097172894
2015-11-05_16-11, 008, 08, practice, control, red, red, 0, 0.820706902581
2015-11-05_16-11, 008, 08, practice, control, blue, blue, 0, 0.630878451233
2015-11-05_16-11, 008, 08, practice, control, red, red, 0, 0.854858223844
2015-11-05_16-11, 008, 08, practice, control, black, blue, 1, 0.63993340695
2015-11-05_16-11, 008, 08, practice, control, green, green, 0, 0.809155664119
2015-11-05_16-11, 008, 08, practice, control, red, red, 0, 0.745570858235
2015-11-05_16-11, 008, 08, practice, control, blue, blue, 0, 0.708733852029
2015-11-05_16-11, 008, 08, practice, control, black, black, 0, 0.777230488322
2015-11-05_16-11, 008, 08, practice, control, blue, blue, 0, 1.94653233268
2015-11-05_16-11, 008, 08, practice, control, black, black, 0, 0.933304406451
2015-11-05_16-11, 008, 08, practice, control, green, green, 0, 1.4259697584
2015-11-05_16-11, 008, 08, practice, control, green, green, 0, 0.587003335775
2015-11-05_16-11, 008, 08, practice, control, blue, blue, 0, 0.705652526933
2015-11-05_16-11, 008, 08, practice, compatible, red, red, 0, 1.3007037344
2015-11-05_16-11, 008, 08, practice, compatible, green, green, 0, 0.783445941554
2015-11-05_16-11, 008, 08, practice, incompatible, red, red, 0, 0.787719926568
2015-11-05_16-11, 008, 08, practice, incompatible, red, red, 0, 0.8639809052
2015-11-05_16-11, 008, 08, practice, incompatible, black, black, 0, 0.776665725396
2015-11-05_16-11, 008, 08, practice, compatible, black, black, 0, 0.669703606603
2015-11-05_16-11, 008, 08, practice, incompatible, blue, blue, 0, 0.672104996927
2015-11-05_16-11, 008, 08, practice, compatible, green, green, 0, 1.62989011611
2015-11-05_16-11, 008, 08, practice, compatible, red, red, 0, 0.703380465784
2015-11-05_16-11, 008, 08, practice, compatible, green, green, 0, 1.09507875688
2015-11-05_16-11, 008, 08, practice, incompatible, green, green, 0, 0.599703614254
2015-11-05_16-11, 008, 08, practice, incompatible, green, green, 0, 0.66103051633
2015-11-05_16-11, 008, 08, practice, compatible, black, black, 0, 0.7401091875
2015-11-05_16-11, 008, 08, practice, compatible, red, red, 0, 0.736690764748
2015-11-05_16-11, 008, 08, practice, compatible, blue, blue, 0, 0.587260846241
2015-11-05_16-11, 008, 08, practice, incompatible, black, black, 0, 0.588498656583
2015-11-05_16-11, 008, 08, practice, incompatible, black, black, 0, 0.589719631174
2015-11-05_16-11, 008, 08, practice, incompatible, blue, blue, 0, 0.59351915411
2015-11-05_16-11, 008, 08, practice, incompatible, red, red, 0, 0.520109922149
2015-11-05_16-11, 008, 08, practice, compatible, blue, blue, 0, 0.584116769707
2015-11-05_16-11, 008, 08, practice, compatible, blue, blue, 0, 0.473644396796
2015-11-05_16-11, 008, 08, practice, incompatible, green, green, 0, 0.67409352872
2015-11-05_16-11, 008, 08, practice, incompatible, blue, blue, 0, 1.60289781541
2015-11-05_16-11, 008, 08, practice, compatible, black, black, 0, 0.591314435969
2015-11-05_16-11, 008, 08, trial, compatible, blue, blue, 0, 0.744549616869
2015-11-05_16-11, 008, 08, trial, incompatible, black, black, 0, 0.628456398848
2015-11-05_16-11, 008, 08, trial, compatible, red, red, 0, 1.02286983745
2015-11-05_16-11, 008, 08, trial, incompatible, green, green, 0, 0.473466090883
2015-11-05_16-11, 008, 08, trial, incompatible, red, red, 0, 0.56488651556
2015-11-05_16-11, 008, 08, trial, compatible, green, green, 0, 0.579453266633
2015-11-05_16-11, 008, 08, trial, incompatible, green, green, 0, 1.56231332404
2015-11-05_16-11, 008, 08, trial, compatible, black, black, 0, 0.865005590236
2015-11-05_16-11, 008, 08, trial, incompatible, blue, blue, 0, 0.726028377427
2015-11-05_16-11, 008, 08, trial, compatible, blue, blue, 0, 0.516897354719
2015-11-05_16-11, 008, 08, trial, compatible, green, green, 0, 0.980165954592
2015-11-05_16-11, 008, 08, trial, compatible, green, green, 0, 0.440082326822
2015-11-05_16-11, 008, 08, trial, incompatible, blue, blue, 0, 0.727019008329
2015-11-05_16-11, 008, 08, trial, incompatible, green, green, 0, 0.911416399402
2015-11-05_16-11, 008, 08, trial, compatible, red, red, 0, 0.549267147406
2015-11-05_16-11, 008, 08, trial, incompatible, blue, blue, 0, 0.789624662233
2015-11-05_16-11, 008, 08, trial, compatible, black, black, 0, 0.629365146782
2015-11-05_16-11, 008, 08, trial, incompatible, black, black, 0, 0.521129632987
2015-11-05_16-11, 008, 08, trial, compatible, blue, blue, 0, 0.526745121268
2015-11-05_16-11, 008, 08, trial, compatible, red, red, 0, 1.31705392721
2015-11-05_16-11, 008, 08, trial, incompatible, blue, blue, 0, 0.706585380602
2015-11-05_16-11, 008, 08, trial, compatible, red, red, 0, 0.866505119982
2015-11-05_16-11, 008, 08, trial, compatible, blue, blue, 0, 0.591269285542
2015-11-05_16-11, 008, 08, trial, incompatible, red, red, 0, 0.784080725894
2015-11-05_16-11, 008, 08, trial, incompatible, blue, blue, 0, 0.866029127381
2015-11-05_16-11, 008, 08, trial, incompatible, black, black, 0, 0.627886661721
2015-11-05_16-11, 008, 08, trial, incompatible, green, green, 0, 0.622592200609
2015-11-05_16-11, 008, 08, trial, incompatible, red, red, 0, 0.74350197399
2015-11-05_16-11, 008, 08, trial, compatible, green, green, 0, 0.591066873898
2015-11-05_16-11, 008, 08, trial, incompatible, green, green, 0, 0.632162177262
2015-11-05_16-11, 008, 08, trial, compatible, black, black, 0, 0.55218700234
2015-11-05_16-11, 008, 08, trial, compatible, black, black, 0, 0.480370662019
2015-11-05_16-11, 008, 08, trial, compatible, black, black, 0, 0.442585114288
2015-11-05_16-11, 008, 08, trial, compatible, red, red, 0, 0.777717194582
2015-11-05_16-11, 008, 08, trial, compatible, green, green, 0, 0.632951161781
2015-11-05_16-11, 008, 08, trial, incompatible, black, black, 0, 0.548973669647
2015-11-05_16-11, 008, 08, trial, incompatible, red, red, 0, 0.735400151367
2015-11-05_16-11, 008, 08, trial, incompatible, black, black, 0, 0.851743992505
2015-11-05_16-11, 008, 08, trial, incompatible, red, green, 1, 0.742585190816
2015-11-05_16-11, 008, 08, trial, compatible, blue, blue, 0, 0.89726403738
