time, participant, keyorder, session, condition, correct, response, error, RT
2015-11-10_15-01, 019, 19, practice, control, green, green, 0, 1.0369006641
2015-11-10_15-01, 019, 19, practice, control, blue, blue, 0, 0.778395516165
2015-11-10_15-01, 019, 19, practice, control, red, red, 0, 1.03226890165
2015-11-10_15-01, 019, 19, practice, control, blue, blue, 0, 1.05019445367
2015-11-10_15-01, 019, 19, practice, control, black, black, 0, 0.662465237867
2015-11-10_15-01, 019, 19, practice, control, blue, blue, 0, 0.66709240873
2015-11-10_15-01, 019, 19, practice, control, red, red, 0, 0.639730764698
2015-11-10_15-01, 019, 19, practice, control, black, black, 0, 0.736867298572
2015-11-10_15-01, 019, 19, practice, control, green, green, 0, 0.62319569799
2015-11-10_15-01, 019, 19, practice, control, black, black, 0, 0.621450130016
2015-11-10_15-01, 019, 19, practice, control, green, green, 0, 0.657831179626
2015-11-10_15-01, 019, 19, practice, control, red, red, 0, 0.39654888738
2015-11-10_15-01, 019, 19, practice, control, blue, blue, 0, 0.436013187038
2015-11-10_15-01, 019, 19, practice, control, red, red, 0, 1.34588723983
2015-11-10_15-01, 019, 19, practice, control, green, green, 0, 0.471988646535
2015-11-10_15-01, 019, 19, practice, control, black, black, 0, 0.359218909987
2015-11-10_15-01, 019, 19, practice, control, green, green, 0, 0.734802232735
2015-11-10_15-01, 019, 19, practice, control, red, red, 0, 0.432800224684
2015-11-10_15-01, 019, 19, practice, control, red, red, 0, 0.611886621497
2015-11-10_15-01, 019, 19, practice, control, blue, blue, 0, 0.476267239494
2015-11-10_15-01, 019, 19, practice, control, blue, blue, 0, 0.513116630878
2015-11-10_15-01, 019, 19, practice, control, green, green, 0, 0.353427389422
2015-11-10_15-01, 019, 19, practice, control, black, black, 0, 0.423710797419
2015-11-10_15-01, 019, 19, practice, incompatible, green, green, 0, 0.50111996437
2015-11-10_15-01, 019, 19, practice, compatible, blue, blue, 0, 0.609531137841
2015-11-10_15-01, 019, 19, practice, compatible, green, green, 0, 0.622728886741
2015-11-10_15-01, 019, 19, practice, compatible, black, black, 0, 0.543791869524
2015-11-10_15-01, 019, 19, practice, incompatible, red, red, 0, 0.48024508356
2015-11-10_15-01, 019, 19, practice, incompatible, green, green, 0, 0.435756440846
2015-11-10_15-01, 019, 19, practice, compatible, green, green, 0, 0.512126761449
2015-11-10_15-01, 019, 19, practice, compatible, blue, blue, 0, 0.464473368032
2015-11-10_15-01, 019, 19, practice, incompatible, black, black, 0, 0.400128028723
2015-11-10_15-01, 019, 19, practice, compatible, black, black, 0, 0.555661884784
2015-11-10_15-01, 019, 19, practice, incompatible, blue, blue, 0, 0.630482162451
2015-11-10_15-01, 019, 19, practice, compatible, red, red, 0, 0.361328361156
2015-11-10_15-01, 019, 19, practice, incompatible, red, red, 0, 0.813610685538
2015-11-10_15-01, 019, 19, practice, incompatible, black, black, 0, 0.700169429525
2015-11-10_15-01, 019, 19, practice, compatible, black, black, 0, 0.50348003961
2015-11-10_15-01, 019, 19, practice, compatible, green, green, 0, 0.437247175792
2015-11-10_15-01, 019, 19, practice, compatible, red, red, 0, 0.465428800573
2015-11-10_15-01, 019, 19, practice, incompatible, red, red, 0, 0.54343181265
2015-11-10_15-01, 019, 19, practice, compatible, blue, green, 1, 0.426632194059
2015-11-10_15-01, 019, 19, practice, incompatible, green, green, 0, 0.689460320278
2015-11-10_15-01, 019, 19, practice, incompatible, blue, blue, 0, 1.73244981014
2015-11-10_15-01, 019, 19, practice, compatible, red, red, 0, 0.692815621802
2015-11-10_15-01, 019, 19, practice, incompatible, black, black, 0, 0.522613561403
2015-11-10_15-01, 019, 19, practice, incompatible, blue, blue, 0, 0.667978202207
2015-11-10_15-01, 019, 19, trial, incompatible, red, green, 1, 1.48696678294
2015-11-10_15-01, 019, 19, trial, incompatible, black, black, 0, 1.00696199238
2015-11-10_15-01, 019, 19, trial, incompatible, green, green, 0, 0.89573808981
2015-11-10_15-01, 019, 19, trial, compatible, black, black, 0, 0.625701938723
2015-11-10_15-01, 019, 19, trial, compatible, green, green, 0, 0.54702932034
2015-11-10_15-01, 019, 19, trial, incompatible, red, red, 0, 0.547651097619
2015-11-10_15-01, 019, 19, trial, incompatible, blue, blue, 0, 0.3549625097
2015-11-10_15-01, 019, 19, trial, compatible, red, red, 0, 0.60107037524
2015-11-10_15-01, 019, 19, trial, incompatible, black, black, 0, 0.555117399203
2015-11-10_15-01, 019, 19, trial, incompatible, black, black, 0, 0.74148528626
2015-11-10_15-01, 019, 19, trial, incompatible, green, green, 0, 0.555061534906
2015-11-10_15-01, 019, 19, trial, compatible, black, black, 0, 0.552758471858
2015-11-10_15-01, 019, 19, trial, incompatible, blue, blue, 0, 0.399187901476
2015-11-10_15-01, 019, 19, trial, incompatible, black, black, 0, 0.58927459062
2015-11-10_15-01, 019, 19, trial, incompatible, blue, blue, 0, 0.75143334012
2015-11-10_15-01, 019, 19, trial, incompatible, green, green, 0, 0.353489375837
2015-11-10_15-01, 019, 19, trial, compatible, blue, black, 1, 0.442817152329
2015-11-10_15-01, 019, 19, trial, incompatible, green, green, 0, 0.81540216937
2015-11-10_15-01, 019, 19, trial, compatible, blue, blue, 0, 0.55097808436
2015-11-10_15-01, 019, 19, trial, compatible, green, green, 0, 0.587057619814
2015-11-10_15-01, 019, 19, trial, compatible, blue, blue, 0, 0.900271133156
2015-11-10_15-01, 019, 19, trial, compatible, red, red, 0, 0.43614060355
2015-11-10_15-01, 019, 19, trial, compatible, green, green, 0, 0.547786932042
2015-11-10_15-01, 019, 19, trial, compatible, black, black, 0, 0.39302254928
2015-11-10_15-01, 019, 19, trial, compatible, green, green, 0, 0.548747721426
2015-11-10_15-01, 019, 19, trial, incompatible, red, red, 0, 0.595087921221
2015-11-10_15-01, 019, 19, trial, compatible, black, black, 0, 0.541843123869
2015-11-10_15-01, 019, 19, trial, compatible, black, black, 0, 0.548893886917
2015-11-10_15-01, 019, 19, trial, incompatible, red, red, 0, 1.32110606717
2015-11-10_15-01, 019, 19, trial, compatible, red, red, 0, 0.586375004019
2015-11-10_15-01, 019, 19, trial, incompatible, blue, blue, 0, 0.658890688112
2015-11-10_15-01, 019, 19, trial, compatible, blue, blue, 0, 0.546789409967
2015-11-10_15-01, 019, 19, trial, incompatible, blue, blue, 0, 0.700387912493
2015-11-10_15-01, 019, 19, trial, incompatible, green, green, 0, 0.350575249209
2015-11-10_15-01, 019, 19, trial, compatible, red, red, 0, 0.439057408603
2015-11-10_15-01, 019, 19, trial, compatible, blue, blue, 0, 0.697994930888
2015-11-10_15-01, 019, 19, trial, compatible, green, green, 0, 0.542834141197
2015-11-10_15-01, 019, 19, trial, incompatible, black, black, 0, 0.613804756576
2015-11-10_15-01, 019, 19, trial, incompatible, red, green, 1, 0.592213970973
2015-11-10_15-01, 019, 19, trial, compatible, red, red, 0, 0.886227001894
