time, participant, keyorder, session, condition, correct, response, error, RT
2015-11-12_10-08, 022, 22, practice, control, blue, blue, 0, 1.80338022327
2015-11-12_10-08, 022, 22, practice, control, black, black, 0, 1.12424928142
2015-11-12_10-08, 022, 22, practice, control, red, red, 0, 0.881914110449
2015-11-12_10-08, 022, 22, practice, control, green, green, 0, 0.963604306263
2015-11-12_10-08, 022, 22, practice, control, red, red, 0, 0.784681132092
2015-11-12_10-08, 022, 22, practice, control, black, black, 0, 0.588400747504
2015-11-12_10-08, 022, 22, practice, control, blue, blue, 0, 1.14977294781
2015-11-12_10-08, 022, 22, practice, control, black, black, 0, 0.669824250735
2015-11-12_10-08, 022, 22, practice, control, red, red, 0, 0.65788927934
2015-11-12_10-08, 022, 22, practice, control, green, green, 0, 0.739264953916
2015-11-12_10-08, 022, 22, practice, control, green, green, 0, 0.586515533217
2015-11-12_10-08, 022, 22, practice, control, blue, blue, 0, 0.441926446416
2015-11-12_10-08, 022, 22, practice, control, black, black, 0, 0.472423910348
2015-11-12_10-08, 022, 22, practice, control, green, green, 0, 0.626045343096
2015-11-12_10-08, 022, 22, practice, control, black, black, 0, 0.544300431299
2015-11-12_10-08, 022, 22, practice, control, blue, blue, 0, 0.927821584575
2015-11-12_10-08, 022, 22, practice, control, red, red, 0, 0.524757260007
2015-11-12_10-08, 022, 22, practice, control, green, green, 0, 0.632268807758
2015-11-12_10-08, 022, 22, practice, control, blue, blue, 0, 0.547657237662
2015-11-12_10-08, 022, 22, practice, control, green, green, 0, 0.895280115217
2015-11-12_10-08, 022, 22, practice, control, red, red, 0, 0.522439292045
2015-11-12_10-08, 022, 22, practice, control, red, red, 0, 0.668971370149
2015-11-12_10-08, 022, 22, practice, control, blue, blue, 0, 1.03901479092
2015-11-12_10-08, 022, 22, practice, compatible, green, green, 0, 0.879068114127
2015-11-12_10-08, 022, 22, practice, compatible, red, red, 0, 0.891857879255
2015-11-12_10-08, 022, 22, practice, incompatible, green, green, 0, 2.22985686605
2015-11-12_10-08, 022, 22, practice, incompatible, red, red, 0, 0.862540443911
2015-11-12_10-08, 022, 22, practice, compatible, green, green, 0, 0.812104170047
2015-11-12_10-08, 022, 22, practice, incompatible, blue, blue, 0, 1.38814522769
2015-11-12_10-08, 022, 22, practice, incompatible, black, black, 0, 0.965902377505
2015-11-12_10-08, 022, 22, practice, compatible, black, black, 0, 0.822831180916
2015-11-12_10-08, 022, 22, practice, incompatible, blue, blue, 0, 0.973853030577
2015-11-12_10-08, 022, 22, practice, incompatible, green, green, 0, 1.00815574235
2015-11-12_10-08, 022, 22, practice, compatible, black, black, 0, 0.631849063477
2015-11-12_10-08, 022, 22, practice, incompatible, red, red, 0, 0.551054220095
2015-11-12_10-08, 022, 22, practice, compatible, green, green, 0, 0.704371845222
2015-11-12_10-08, 022, 22, practice, incompatible, green, blue, 1, 0.851232219219
2015-11-12_10-08, 022, 22, practice, compatible, red, red, 0, 1.18871733494
2015-11-12_10-08, 022, 22, practice, compatible, red, red, 0, 0.968514204727
2015-11-12_10-08, 022, 22, practice, compatible, blue, blue, 0, 1.19435078531
2015-11-12_10-08, 022, 22, practice, compatible, black, black, 0, 0.859492801978
2015-11-12_10-08, 022, 22, practice, compatible, blue, blue, 0, 1.03995682412
2015-11-12_10-08, 022, 22, practice, incompatible, red, red, 0, 1.20618206418
2015-11-12_10-08, 022, 22, practice, incompatible, black, black, 0, 0.968143819619
2015-11-12_10-08, 022, 22, practice, incompatible, blue, blue, 0, 1.15793136856
2015-11-12_10-08, 022, 22, practice, incompatible, black, black, 0, 1.00749149798
2015-11-12_10-08, 022, 22, practice, compatible, blue, blue, 0, 1.09119661939
2015-11-12_10-08, 022, 22, trial, compatible, red, red, 0, 0.969932611338
2015-11-12_10-08, 022, 22, trial, incompatible, black, black, 0, 1.11971627276
2015-11-12_10-08, 022, 22, trial, compatible, black, black, 0, 0.671498636309
2015-11-12_10-08, 022, 22, trial, compatible, green, green, 0, 0.606881357385
2015-11-12_10-08, 022, 22, trial, incompatible, green, green, 0, 1.17109611034
2015-11-12_10-08, 022, 22, trial, compatible, black, black, 0, 0.582481090463
2015-11-12_10-08, 022, 22, trial, compatible, black, black, 0, 0.512614520933
2015-11-12_10-08, 022, 22, trial, incompatible, red, red, 0, 0.867171405657
2015-11-12_10-08, 022, 22, trial, compatible, blue, blue, 0, 0.820250346662
2015-11-12_10-08, 022, 22, trial, compatible, red, red, 0, 0.974415495566
2015-11-12_10-08, 022, 22, trial, compatible, black, black, 0, 0.588592827385
2015-11-12_10-08, 022, 22, trial, compatible, green, green, 0, 0.939665872838
2015-11-12_10-08, 022, 22, trial, compatible, blue, blue, 0, 0.775305185085
2015-11-12_10-08, 022, 22, trial, incompatible, green, green, 0, 0.977287510675
2015-11-12_10-08, 022, 22, trial, incompatible, black, black, 0, 0.78327956117
2015-11-12_10-08, 022, 22, trial, compatible, green, green, 0, 0.853979114565
2015-11-12_10-08, 022, 22, trial, incompatible, red, red, 0, 0.858730604524
2015-11-12_10-08, 022, 22, trial, compatible, blue, blue, 0, 0.661686874592
2015-11-12_10-08, 022, 22, trial, incompatible, red, red, 0, 0.856979693101
2015-11-12_10-08, 022, 22, trial, incompatible, blue, blue, 0, 1.20944589163
2015-11-12_10-08, 022, 22, trial, incompatible, blue, blue, 0, 1.43029107372
2015-11-12_10-08, 022, 22, trial, incompatible, blue, blue, 0, 0.975595906785
2015-11-12_10-08, 022, 22, trial, compatible, blue, blue, 0, 0.780637888865
2015-11-12_10-08, 022, 22, trial, incompatible, black, black, 0, 0.867518067753
2015-11-12_10-08, 022, 22, trial, compatible, green, green, 0, 0.744225359443
2015-11-12_10-08, 022, 22, trial, compatible, red, red, 0, 0.709431734352
2015-11-12_10-08, 022, 22, trial, compatible, red, red, 0, 0.589105933202
2015-11-12_10-08, 022, 22, trial, incompatible, green, green, 0, 0.974301854681
2015-11-12_10-08, 022, 22, trial, incompatible, black, black, 0, 0.973806349809
2015-11-12_10-08, 022, 22, trial, compatible, black, black, 0, 0.628087435373
2015-11-12_10-08, 022, 22, trial, incompatible, red, red, 0, 0.967651758411
2015-11-12_10-08, 022, 22, trial, incompatible, blue, blue, 0, 0.775495351821
2015-11-12_10-08, 022, 22, trial, incompatible, blue, blue, 0, 0.527038878193
2015-11-12_10-08, 022, 22, trial, incompatible, black, black, 0, 0.857926700482
2015-11-12_10-08, 022, 22, trial, compatible, blue, blue, 0, 0.745150174326
2015-11-12_10-08, 022, 22, trial, compatible, green, green, 0, 0.978056212828
2015-11-12_10-08, 022, 22, trial, incompatible, red, red, 0, 1.28032489814
2015-11-12_10-08, 022, 22, trial, incompatible, green, green, 0, 0.851323284979
2015-11-12_10-08, 022, 22, trial, incompatible, green, green, 0, 0.438839393671
2015-11-12_10-08, 022, 22, trial, compatible, red, red, 0, 0.586364394665
