time, participant, keyorder, session, condition, correct, response, error, RT
2015-12-02_14-11, 050, 02, practice, control, black, black, 0, 1.31996605313
2015-12-02_14-11, 050, 02, practice, control, blue, blue, 0, 0.70077168666
2015-12-02_14-11, 050, 02, practice, control, green, green, 0, 0.737974345474
2015-12-02_14-11, 050, 02, practice, control, black, black, 0, 0.861479030387
2015-12-02_14-11, 050, 02, practice, control, black, black, 0, 0.518061248228
2015-12-02_14-11, 050, 02, practice, control, red, red, 0, 0.714500806582
2015-12-02_14-11, 050, 02, practice, control, green, green, 0, 0.664778136259
2015-12-02_14-11, 050, 02, practice, control, green, green, 0, 0.629633257522
2015-12-02_14-11, 050, 02, practice, control, red, red, 0, 0.991436374879
2015-12-02_14-11, 050, 02, practice, control, blue, blue, 0, 0.60326283262
2015-12-02_14-11, 050, 02, practice, control, red, red, 0, 0.665517758589
2015-12-02_14-11, 050, 02, practice, control, blue, blue, 0, 1.05204140355
2015-12-02_14-11, 050, 02, practice, control, green, green, 0, 0.638987012033
2015-12-02_14-11, 050, 02, practice, control, red, red, 0, 0.786831891076
2015-12-02_14-11, 050, 02, practice, control, blue, blue, 0, 0.599225328832
2015-12-02_14-11, 050, 02, practice, control, blue, blue, 0, 0.640177754242
2015-12-02_14-11, 050, 02, practice, control, black, black, 0, 0.670283405829
2015-12-02_14-11, 050, 02, practice, control, red, red, 0, 0.556312311172
2015-12-02_14-11, 050, 02, practice, control, black, black, 0, 0.662268088415
2015-12-02_14-11, 050, 02, practice, control, red, red, 0, 0.624614309722
2015-12-02_14-11, 050, 02, practice, control, black, black, 0, 0.557037393591
2015-12-02_14-11, 050, 02, practice, control, green, green, 0, 0.667414451754
2015-12-02_14-11, 050, 02, practice, control, blue, blue, 0, 0.550786379623
2015-12-02_14-11, 050, 02, practice, incompatible, black, black, 0, 0.813046203247
2015-12-02_14-11, 050, 02, practice, incompatible, green, green, 0, 0.594871008029
2015-12-02_14-11, 050, 02, practice, compatible, black, black, 0, 0.519692779327
2015-12-02_14-11, 050, 02, practice, compatible, green, green, 0, 0.63866942976
2015-12-02_14-11, 050, 02, practice, incompatible, blue, blue, 0, 0.639029866508
2015-12-02_14-11, 050, 02, practice, compatible, red, red, 0, 1.13309873059
2015-12-02_14-11, 050, 02, practice, compatible, blue, blue, 0, 0.531791133409
2015-12-02_14-11, 050, 02, practice, compatible, red, red, 0, 0.977813243257
2015-12-02_14-11, 050, 02, practice, incompatible, red, red, 0, 0.879065435723
2015-12-02_14-11, 050, 02, practice, compatible, blue, blue, 0, 0.712980237965
2015-12-02_14-11, 050, 02, practice, compatible, black, black, 0, 0.60588078191
2015-12-02_14-11, 050, 02, practice, incompatible, green, black, 1, 0.590820494847
2015-12-02_14-11, 050, 02, practice, incompatible, black, black, 0, 1.42472573136
2015-12-02_14-11, 050, 02, practice, incompatible, red, red, 0, 1.63831779348
2015-12-02_14-11, 050, 02, practice, compatible, green, black, 1, 0.937184522188
2015-12-02_14-11, 050, 02, practice, incompatible, blue, blue, 0, 0.70048815839
2015-12-02_14-11, 050, 02, practice, compatible, red, red, 0, 1.05500410179
2015-12-02_14-11, 050, 02, practice, compatible, blue, blue, 0, 0.837336655576
2015-12-02_14-11, 050, 02, practice, incompatible, blue, blue, 0, 0.721425630649
2015-12-02_14-11, 050, 02, practice, incompatible, red, red, 0, 0.78667271731
2015-12-02_14-11, 050, 02, practice, incompatible, green, red, 1, 1.06522910309
2015-12-02_14-11, 050, 02, practice, compatible, black, black, 0, 1.05190633542
2015-12-02_14-11, 050, 02, practice, compatible, green, green, 0, 1.14082018874
2015-12-02_14-11, 050, 02, practice, incompatible, black, black, 0, 1.09831467123
2015-12-02_14-11, 050, 02, trial, compatible, green, green, 0, 0.929548007726
2015-12-02_14-11, 050, 02, trial, compatible, blue, blue, 0, 0.641321433054
2015-12-02_14-11, 050, 02, trial, incompatible, green, green, 0, 0.747947576732
2015-12-02_14-11, 050, 02, trial, compatible, black, black, 0, 0.70921975775
2015-12-02_14-11, 050, 02, trial, incompatible, red, red, 0, 0.718183230432
2015-12-02_14-11, 050, 02, trial, incompatible, black, black, 0, 0.785545874185
2015-12-02_14-11, 050, 02, trial, incompatible, blue, blue, 0, 1.29178464402
2015-12-02_14-11, 050, 02, trial, compatible, blue, blue, 0, 0.528607275465
2015-12-02_14-11, 050, 02, trial, incompatible, green, green, 0, 0.686508033684
2015-12-02_14-11, 050, 02, trial, incompatible, red, red, 0, 0.669220079158
2015-12-02_14-11, 050, 02, trial, compatible, blue, blue, 0, 0.556050592769
2015-12-02_14-11, 050, 02, trial, compatible, green, green, 0, 0.564225849207
2015-12-02_14-11, 050, 02, trial, incompatible, blue, blue, 0, 0.751903963121
2015-12-02_14-11, 050, 02, trial, incompatible, blue, blue, 0, 0.646869557099
2015-12-02_14-11, 050, 02, trial, compatible, red, red, 0, 0.603271633092
2015-12-02_14-11, 050, 02, trial, compatible, red, red, 0, 0.525741765053
2015-12-02_14-11, 050, 02, trial, compatible, red, red, 0, 0.452046989932
2015-12-02_14-11, 050, 02, trial, compatible, green, green, 0, 0.790166504942
2015-12-02_14-11, 050, 02, trial, compatible, red, red, 0, 0.802487549244
2015-12-02_14-11, 050, 02, trial, incompatible, black, black, 0, 0.795421917615
2015-12-02_14-11, 050, 02, trial, incompatible, black, black, 0, 0.711567188165
2015-12-02_14-11, 050, 02, trial, incompatible, red, red, 0, 1.36975836198
2015-12-02_14-11, 050, 02, trial, incompatible, green, green, 0, 0.800316510911
2015-12-02_14-11, 050, 02, trial, compatible, black, black, 0, 0.644327368399
2015-12-02_14-11, 050, 02, trial, compatible, blue, blue, 0, 0.831037812952
2015-12-02_14-11, 050, 02, trial, incompatible, black, black, 0, 0.712001854987
2015-12-02_14-11, 050, 02, trial, compatible, red, red, 0, 0.721047975585
2015-12-02_14-11, 050, 02, trial, incompatible, blue, blue, 0, 0.825213813222
2015-12-02_14-11, 050, 02, trial, incompatible, green, green, 0, 1.05495474261
2015-12-02_14-11, 050, 02, trial, incompatible, blue, blue, 0, 0.755877950454
2015-12-02_14-11, 050, 02, trial, incompatible, red, red, 0, 0.640664458641
2015-12-02_14-11, 050, 02, trial, compatible, black, black, 0, 0.516537235947
2015-12-02_14-11, 050, 02, trial, compatible, black, black, 0, 0.558700300287
2015-12-02_14-11, 050, 02, trial, incompatible, green, green, 0, 0.820774931356
2015-12-02_14-11, 050, 02, trial, incompatible, black, black, 0, 0.605616385103
2015-12-02_14-11, 050, 02, trial, compatible, green, green, 0, 1.01248480962
2015-12-02_14-11, 050, 02, trial, compatible, green, green, 0, 0.439950931626
2015-12-02_14-11, 050, 02, trial, incompatible, red, red, 0, 0.789155215849
2015-12-02_14-11, 050, 02, trial, compatible, black, black, 0, 0.604434825996
2015-12-02_14-11, 050, 02, trial, compatible, blue, blue, 0, 0.627505838922
