time, participant, keyorder, session, condition, correct, response, error, RT
2015-12-03_11-44, 057, 09, practice, control, blue, blue, 0, 1.35903632529
2015-12-03_11-44, 057, 09, practice, control, green, black, 1, 0.524001949878
2015-12-03_11-44, 057, 09, practice, control, blue, blue, 0, 0.81013669047
2015-12-03_11-44, 057, 09, practice, control, red, red, 0, 0.824984235674
2015-12-03_11-44, 057, 09, practice, control, green, green, 0, 1.01783434909
2015-12-03_11-44, 057, 09, practice, control, black, black, 0, 0.63571132307
2015-12-03_11-44, 057, 09, practice, control, green, green, 0, 1.09345527982
2015-12-03_11-44, 057, 09, practice, control, red, red, 0, 0.401303847413
2015-12-03_11-44, 057, 09, practice, control, red, red, 0, 0.748934760184
2015-12-03_11-44, 057, 09, practice, control, blue, blue, 0, 0.786905355892
2015-12-03_11-44, 057, 09, practice, control, black, black, 0, 0.75808801697
2015-12-03_11-44, 057, 09, practice, control, black, black, 0, 0.527126882918
2015-12-03_11-44, 057, 09, practice, control, green, green, 0, 0.631859011837
2015-12-03_11-44, 057, 09, practice, control, blue, blue, 0, 0.600565296447
2015-12-03_11-44, 057, 09, practice, control, green, green, 0, 0.568681184131
2015-12-03_11-44, 057, 09, practice, control, red, red, 0, 0.524430877262
2015-12-03_11-44, 057, 09, practice, control, blue, blue, 0, 0.705395378451
2015-12-03_11-44, 057, 09, practice, control, red, red, 0, 0.522516965781
2015-12-03_11-44, 057, 09, practice, control, black, black, 0, 0.528042897331
2015-12-03_11-44, 057, 09, practice, control, blue, green, 1, 0.669424403175
2015-12-03_11-44, 057, 09, practice, control, black, black, 0, 0.89017431058
2015-12-03_11-44, 057, 09, practice, control, red, red, 0, 1.09681017304
2015-12-03_11-44, 057, 09, practice, control, black, black, 0, 0.483611989457
2015-12-03_11-44, 057, 09, practice, compatible, blue, blue, 0, 1.60290316113
2015-12-03_11-44, 057, 09, practice, incompatible, black, black, 0, 0.927068570223
2015-12-03_11-44, 057, 09, practice, compatible, black, black, 0, 0.833571201179
2015-12-03_11-44, 057, 09, practice, compatible, red, red, 0, 0.865086841533
2015-12-03_11-44, 057, 09, practice, compatible, red, red, 0, 0.417084625344
2015-12-03_11-44, 057, 09, practice, incompatible, green, green, 0, 1.7050663173
2015-12-03_11-44, 057, 09, practice, incompatible, black, black, 0, 0.639672301009
2015-12-03_11-44, 057, 09, practice, compatible, green, green, 0, 0.905272477938
2015-12-03_11-44, 057, 09, practice, compatible, red, red, 0, 0.861219225129
2015-12-03_11-44, 057, 09, practice, incompatible, red, red, 0, 0.640593289601
2015-12-03_11-44, 057, 09, practice, incompatible, green, green, 0, 0.633193622642
2015-12-03_11-44, 057, 09, practice, incompatible, blue, blue, 0, 0.683350577157
2015-12-03_11-44, 057, 09, practice, incompatible, red, red, 0, 0.669536896174
2015-12-03_11-44, 057, 09, practice, compatible, blue, blue, 0, 0.942610204875
2015-12-03_11-44, 057, 09, practice, incompatible, blue, blue, 0, 0.484446121211
2015-12-03_11-44, 057, 09, practice, incompatible, green, green, 0, 0.713993057576
2015-12-03_11-44, 057, 09, practice, incompatible, blue, blue, 0, 0.723702657284
2015-12-03_11-44, 057, 09, practice, compatible, black, black, 0, 0.450715057532
2015-12-03_11-44, 057, 09, practice, compatible, green, green, 0, 0.593415103753
2015-12-03_11-44, 057, 09, practice, compatible, green, green, 0, 0.405025682076
2015-12-03_11-44, 057, 09, practice, incompatible, red, red, 0, 0.594378181562
2015-12-03_11-44, 057, 09, practice, compatible, blue, blue, 0, 0.61206024421
2015-12-03_11-44, 057, 09, practice, compatible, black, black, 0, 0.489710716987
2015-12-03_11-44, 057, 09, practice, incompatible, black, black, 0, 0.496346655973
2015-12-03_11-44, 057, 09, trial, incompatible, black, black, 0, 0.762740405955
2015-12-03_11-44, 057, 09, trial, incompatible, red, red, 0, 0.609994811546
2015-12-03_11-44, 057, 09, trial, incompatible, black, black, 0, 0.535416545501
2015-12-03_11-44, 057, 09, trial, incompatible, red, red, 0, 0.640833580768
2015-12-03_11-44, 057, 09, trial, compatible, red, red, 0, 0.688473217484
2015-12-03_11-44, 057, 09, trial, compatible, red, red, 0, 0.571205006629
2015-12-03_11-44, 057, 09, trial, compatible, green, green, 0, 0.720888036562
2015-12-03_11-44, 057, 09, trial, incompatible, red, red, 0, 0.560989953687
2015-12-03_11-44, 057, 09, trial, compatible, green, green, 0, 0.648728369968
2015-12-03_11-44, 057, 09, trial, compatible, black, black, 0, 0.52754700983
2015-12-03_11-44, 057, 09, trial, incompatible, green, green, 0, 0.800346738622
2015-12-03_11-44, 057, 09, trial, compatible, blue, blue, 0, 0.406248565141
2015-12-03_11-44, 057, 09, trial, compatible, blue, blue, 0, 0.445949027664
2015-12-03_11-44, 057, 09, trial, compatible, green, green, 0, 0.490698665695
2015-12-03_11-44, 057, 09, trial, incompatible, green, green, 0, 0.448446448743
2015-12-03_11-44, 057, 09, trial, compatible, red, red, 0, 0.492620229761
2015-12-03_11-44, 057, 09, trial, incompatible, blue, green, 1, 0.680442594899
2015-12-03_11-44, 057, 09, trial, compatible, black, black, 0, 0.604535074857
2015-12-03_11-44, 057, 09, trial, incompatible, blue, blue, 0, 0.686546296607
2015-12-03_11-44, 057, 09, trial, compatible, black, black, 0, 0.566685389989
2015-12-03_11-44, 057, 09, trial, incompatible, black, black, 0, 0.677184889511
2015-12-03_11-44, 057, 09, trial, incompatible, black, black, 0, 0.411477193766
2015-12-03_11-44, 057, 09, trial, incompatible, green, green, 0, 0.794049426515
2015-12-03_11-44, 057, 09, trial, compatible, red, red, 0, 0.572524312263
2015-12-03_11-44, 057, 09, trial, incompatible, red, red, 0, 0.423573252074
2015-12-03_11-44, 057, 09, trial, compatible, blue, blue, 0, 0.647741951776
2015-12-03_11-44, 057, 09, trial, compatible, green, green, 0, 0.525351100594
2015-12-03_11-44, 057, 09, trial, compatible, black, black, 0, 0.475320413729
2015-12-03_11-44, 057, 09, trial, incompatible, red, red, 0, 0.525518692204
2015-12-03_11-44, 057, 09, trial, incompatible, blue, blue, 0, 0.669846443232
2015-12-03_11-44, 057, 09, trial, compatible, green, green, 0, 0.554526963118
2015-12-03_11-44, 057, 09, trial, incompatible, black, black, 0, 0.46509464717
2015-12-03_11-44, 057, 09, trial, incompatible, blue, blue, 0, 0.784492113246
2015-12-03_11-44, 057, 09, trial, compatible, red, red, 0, 0.486009544305
2015-12-03_11-44, 057, 09, trial, compatible, blue, blue, 0, 0.905045196167
2015-12-03_11-44, 057, 09, trial, incompatible, green, green, 0, 0.749864549247
2015-12-03_11-44, 057, 09, trial, incompatible, blue, blue, 0, 0.673761123031
2015-12-03_11-44, 057, 09, trial, compatible, blue, blue, 0, 0.446603323671
2015-12-03_11-44, 057, 09, trial, compatible, black, black, 0, 0.487944117764
2015-12-03_11-44, 057, 09, trial, incompatible, green, green, 0, 0.676743335363
