time, participant, keyorder, session, condition, correct, response, error, RT
2015-12-04_16-13, 064, 16, practice, control, red, red, 0, 1.68651553148
2015-12-04_16-13, 064, 16, practice, control, red, red, 0, 0.977410457989
2015-12-04_16-13, 064, 16, practice, control, black, black, 0, 0.862783751539
2015-12-04_16-13, 064, 16, practice, control, green, green, 0, 0.731282136443
2015-12-04_16-13, 064, 16, practice, control, green, green, 0, 0.793259602382
2015-12-04_16-13, 064, 16, practice, control, blue, blue, 0, 0.441070976244
2015-12-04_16-13, 064, 16, practice, control, black, black, 0, 0.945414250654
2015-12-04_16-13, 064, 16, practice, control, black, black, 0, 0.528848280406
2015-12-04_16-13, 064, 16, practice, control, green, green, 0, 0.747790099431
2015-12-04_16-13, 064, 16, practice, control, blue, blue, 0, 0.901702949264
2015-12-04_16-13, 064, 16, practice, control, red, red, 0, 0.711564642509
2015-12-04_16-13, 064, 16, practice, control, blue, blue, 0, 0.899871282045
2015-12-04_16-13, 064, 16, practice, control, green, green, 0, 0.527845780278
2015-12-04_16-13, 064, 16, practice, control, black, black, 0, 1.24916911106
2015-12-04_16-13, 064, 16, practice, control, black, black, 0, 0.555919992837
2015-12-04_16-13, 064, 16, practice, control, red, red, 0, 0.837590770265
2015-12-04_16-13, 064, 16, practice, control, blue, blue, 0, 0.886087287916
2015-12-04_16-13, 064, 16, practice, control, green, green, 0, 0.710497477296
2015-12-04_16-13, 064, 16, practice, control, red, red, 0, 0.677832808998
2015-12-04_16-13, 064, 16, practice, control, red, red, 0, 0.579733197218
2015-12-04_16-13, 064, 16, practice, control, green, green, 0, 0.828303869268
2015-12-04_16-13, 064, 16, practice, control, blue, blue, 0, 0.636141430575
2015-12-04_16-13, 064, 16, practice, control, blue, blue, 0, 0.629730786626
2015-12-04_16-13, 064, 16, practice, compatible, blue, blue, 0, 1.90285620704
2015-12-04_16-13, 064, 16, practice, compatible, red, red, 0, 1.30099683715
2015-12-04_16-13, 064, 16, practice, incompatible, blue, blue, 0, 2.56300751569
2015-12-04_16-13, 064, 16, practice, incompatible, green, green, 0, 1.25261090062
2015-12-04_16-13, 064, 16, practice, incompatible, black, black, 0, 1.13550702401
2015-12-04_16-13, 064, 16, practice, incompatible, red, red, 0, 0.711875341022
2015-12-04_16-13, 064, 16, practice, compatible, black, black, 0, 0.873513946613
2015-12-04_16-13, 064, 16, practice, compatible, green, green, 0, 1.06161358135
2015-12-04_16-13, 064, 16, practice, compatible, green, green, 0, 0.72568344107
2015-12-04_16-13, 064, 16, practice, incompatible, red, red, 0, 2.10596081985
2015-12-04_16-13, 064, 16, practice, compatible, green, green, 0, 0.953459122866
2015-12-04_16-13, 064, 16, practice, incompatible, red, red, 0, 0.8298581271
2015-12-04_16-13, 064, 16, practice, compatible, black, black, 0, 0.864265691614
2015-12-04_16-13, 064, 16, practice, incompatible, black, black, 0, 0.798481786256
2015-12-04_16-13, 064, 16, practice, compatible, blue, blue, 0, 1.48121957584
2015-12-04_16-13, 064, 16, practice, compatible, black, black, 0, 0.826221577017
2015-12-04_16-13, 064, 16, practice, incompatible, black, red, 1, 0.876265082461
2015-12-04_16-13, 064, 16, practice, compatible, red, red, 0, 1.20183120806
2015-12-04_16-13, 064, 16, practice, incompatible, blue, blue, 0, 2.4437425243
2015-12-04_16-13, 064, 16, practice, incompatible, blue, blue, 0, 0.794387606343
2015-12-04_16-13, 064, 16, practice, incompatible, green, green, 0, 1.05824028321
2015-12-04_16-13, 064, 16, practice, incompatible, green, green, 0, 1.37787023057
2015-12-04_16-13, 064, 16, practice, compatible, red, red, 0, 0.831573473693
2015-12-04_16-13, 064, 16, practice, compatible, blue, blue, 0, 1.18117358328
2015-12-04_16-13, 064, 16, trial, incompatible, green, green, 0, 1.58320980644
2015-12-04_16-13, 064, 16, trial, incompatible, red, red, 0, 0.793235879097
2015-12-04_16-13, 064, 16, trial, incompatible, black, black, 0, 0.993667030679
2015-12-04_16-13, 064, 16, trial, compatible, blue, blue, 0, 0.954329997023
2015-12-04_16-13, 064, 16, trial, compatible, green, green, 0, 1.22741600618
2015-12-04_16-13, 064, 16, trial, incompatible, black, black, 0, 1.29954971674
2015-12-04_16-13, 064, 16, trial, incompatible, red, red, 0, 0.90399836845
2015-12-04_16-13, 064, 16, trial, compatible, red, red, 0, 0.921594541502
2015-12-04_16-13, 064, 16, trial, compatible, black, black, 0, 0.8642894149
2015-12-04_16-13, 064, 16, trial, incompatible, green, green, 0, 0.834816676398
2015-12-04_16-13, 064, 16, trial, incompatible, red, red, 0, 0.755279004969
2015-12-04_16-13, 064, 16, trial, incompatible, blue, blue, 0, 0.94880591521
2015-12-04_16-13, 064, 16, trial, compatible, red, red, 0, 0.762759109933
2015-12-04_16-13, 064, 16, trial, compatible, red, red, 0, 0.649763188042
2015-12-04_16-13, 064, 16, trial, compatible, black, black, 0, 0.911023139387
2015-12-04_16-13, 064, 16, trial, incompatible, green, green, 0, 0.912598824702
2015-12-04_16-13, 064, 16, trial, incompatible, red, red, 0, 0.691948929123
2015-12-04_16-13, 064, 16, trial, incompatible, blue, blue, 0, 0.910496635502
2015-12-04_16-13, 064, 16, trial, incompatible, black, black, 0, 0.83055987719
2015-12-04_16-13, 064, 16, trial, compatible, green, green, 0, 0.986129148036
2015-12-04_16-13, 064, 16, trial, compatible, green, green, 0, 0.862436702831
2015-12-04_16-13, 064, 16, trial, incompatible, red, red, 0, 0.834635308054
2015-12-04_16-13, 064, 16, trial, compatible, blue, blue, 0, 0.948857953385
2015-12-04_16-13, 064, 16, trial, incompatible, black, black, 0, 0.814333532558
2015-12-04_16-13, 064, 16, trial, incompatible, green, green, 0, 0.86749320634
2015-12-04_16-13, 064, 16, trial, compatible, black, black, 0, 1.22132409605
2015-12-04_16-13, 064, 16, trial, incompatible, blue, blue, 0, 1.02188740929
2015-12-04_16-13, 064, 16, trial, compatible, blue, blue, 0, 0.752196508392
2015-12-04_16-13, 064, 16, trial, incompatible, black, black, 0, 0.949797701596
2015-12-04_16-13, 064, 16, trial, incompatible, green, green, 0, 0.902505332
2015-12-04_16-13, 064, 16, trial, incompatible, blue, blue, 0, 0.975566929128
2015-12-04_16-13, 064, 16, trial, compatible, green, green, 0, 1.41459923336
2015-12-04_16-13, 064, 16, trial, compatible, black, black, 0, 0.758713141858
2015-12-04_16-13, 064, 16, trial, compatible, red, red, 0, 0.720240477588
2015-12-04_16-13, 064, 16, trial, compatible, blue, blue, 0, 0.843052865428
2015-12-04_16-13, 064, 16, trial, compatible, black, black, 0, 0.981787786793
2015-12-04_16-13, 064, 16, trial, compatible, green, green, 0, 1.05483484384
2015-12-04_16-13, 064, 16, trial, compatible, red, red, 0, 0.761181128815
2015-12-04_16-13, 064, 16, trial, incompatible, blue, blue, 0, 0.974795157083
2015-12-04_16-13, 064, 16, trial, compatible, blue, blue, 0, 0.875198682516
